country,Value
Afghanistan,0.52
Afghanistan,0.58
Afghanistan,0.68
Afghanistan,0.68
Afghanistan,0.68
Afghanistan,0.67
Afghanistan,0.38
Afghanistan,0.33
Afghanistan,0.5
Afghanistan,0.56
Afghanistan,0.57
Afghanistan,0.57
Afghanistan,0.35
Albania,0.97
Albania,1.01
Albania,1.01
Albania,1.03
Albania,1.03
Albania,1.04
Albania,1.03
Albania,0.99
Albania,0.97
Albania,1.01
Albania,0.96
Albania,0.99
Albania,1.01
Albania,1.01
Albania,1.07
Albania,1.31
Albania,1.26
Albania,1.3
Albania,1.34
Albania,1.36
Albania,1.36
Algeria,0.88
Algeria,0.93
Algeria,0.94
Algeria,0.95
Algeria,0.95
Algeria,0.96
Algeria,0.96
Algeria,0.89
Algeria,1.1
Algeria,1.04
Algeria,1.22
Algeria,1.31
Algeria,1.36
Algeria,1.33
Algeria,1.4
Algeria,1.4
Angola,0.8
Angola,0.87
Angola,0.68
Angola,0.79
Anguilla,1.02
Anguilla,0.96
Anguilla,0.99
Anguilla,0.99
Anguilla,0.99
Anguilla,0.97
Anguilla,1.67
Antigua and Barbuda,0.92
Antigua and Barbuda,0.97
Antigua and Barbuda,0.98
Antigua and Barbuda,0.99
Antigua and Barbuda,1.05
Antigua and Barbuda,1.02
Antigua and Barbuda,0.97
Antigua and Barbuda,0.96
Antigua and Barbuda,1.63
Argentina,0.99
Argentina,0.99
Argentina,1
Argentina,1
Argentina,1
Argentina,1.09
Argentina,1.1
Argentina,1.06
Argentina,1.04
Argentina,1.04
Argentina,1.3
Argentina,1.33
Argentina,1.39
Argentina,1.4
Argentina,1.4
Armenia,1.02
Armenia,1.02
Armenia,1.03
Armenia,1.02
Armenia,1
Armenia,1
Armenia,1.01
Armenia,0.98
Armenia,1.05
Armenia,1.04
Armenia,1.05
Armenia,1.29
Armenia,1.18
Armenia,1.16
Armenia,1.21
Armenia,1.25
Armenia,1.25
Aruba,0.94
Aruba,0.99
Aruba,1
Aruba,1.05
Aruba,1.31
Aruba,1.29
Aruba,1.56
Australia,1
Australia,1.02
Australia,1
Australia,1
Australia,1
Australia,1
Australia,1
Australia,0.87
Australia,0.89
Australia,0.94
Australia,1.04
Australia,1.31
Australia,1.3
Australia,1.26
Austria,0.99
Austria,1
Austria,0.99
Austria,0.99
Austria,1
Austria,0.99
Austria,0.94
Austria,0.95
Austria,0.96
Austria,0.96
Austria,0.96
Austria,0.96
Austria,0.94
Austria,1.16
Austria,1.16
Austria,1.16
Azerbaijan,1.12
Azerbaijan,0.95
Azerbaijan,0.99
Azerbaijan,0.98
Azerbaijan,1.02
Azerbaijan,1.01
Azerbaijan,1.03
Azerbaijan,1.02
Azerbaijan,1
Azerbaijan,1
Azerbaijan,0.88
Azerbaijan,0.99
Azerbaijan,1.14
Azerbaijan,1.13
Azerbaijan,1.13
Azerbaijan,1.14
Bahamas,1
Bahamas,0.97
Bahamas,1
Bahamas,0.99
Bahamas,1.04
Bahamas,1.63
Bahrain,1.01
Bahrain,1.04
Bahrain,1.01
Bahrain,1
Bahrain,0.99
Bahrain,0.99
Bahrain,1.04
Bahrain,1.11
Bahrain,1.01
Bahrain,0.99
Bahrain,1.04
Bahrain,1.06
Bahrain,1.09
Bahrain,1.38
Bahrain,1.67
Bahrain,1.48
Bahrain,1.47
Bahrain,1.45
Bahrain,1.45
Bangladesh,1.05
Bangladesh,1.06
Bangladesh,1.07
Bangladesh,1.07
Bangladesh,1.07
Bangladesh,1.12
Bangladesh,1.13
Bangladesh,1.17
Bangladesh,1.16
Bangladesh,1.17
Bangladesh,0.52
Bangladesh,0.7
Bangladesh,0.71
Bangladesh,0.72
Barbados,1
Barbados,1.02
Barbados,0.99
Barbados,0.97
Barbados,0.96
Barbados,0.96
Barbados,0.99
Barbados,1
Barbados,1.04
Barbados,1.04
Barbados,1.04
Barbados,1.04
Barbados,1.54
Belarus,0.96
Belarus,0.97
Belarus,1
Belarus,1
Belarus,0.99
Belarus,1
Belarus,0.97
Belarus,0.98
Belarus,0.98
Belarus,0.99
Belarus,1.27
Belarus,1.31
Belarus,1.25
Belarus,1.2
Belarus,1.16
Belgium,0.99
Belgium,1
Belgium,1
Belgium,1
Belgium,1
Belgium,1
Belgium,1.08
Belgium,1.12
Belgium,1.14
Belgium,1.14
Belgium,1.12
Belgium,1.12
Belgium,1.02
Belgium,1.2
Belgium,1.21
Belgium,1.24
Belgium,1.23
Belgium,1.24
Belize,0.96
Belize,0.96
Belize,0.96
Belize,0.95
Belize,0.95
Belize,0.95
Belize,0.97
Belize,1.03
Belize,1.03
Belize,1.08
Belize,1.03
Belize,1.05
Belize,1.04
Belize,1.02
Belize,1.37
Belize,1.37
Belize,1.38
Belize,1.38
Belize,1.39
Belize,1.4
Benin,0.57
Benin,0.79
Benin,0.89
Benin,0.93
Benin,0.94
Benin,0.94
Benin,0.93
Benin,0.71
Benin,0.21
Benin,0.35
Benin,0.4
Benin,0.44
Benin,0.47
Bermuda,0.99
Bermuda,1.05
Bermuda,0.98
Bermuda,1.13
Bermuda,1.18
Bermuda,1.12
Bermuda,1.51
Bermuda,1.57
Bermuda,1.41
Bermuda,1.33
Bhutan,0.78
Bhutan,0.97
Bhutan,1.02
Bhutan,1.01
Bhutan,1
Bhutan,1
Bhutan,0.92
Bhutan,1.04
Bhutan,1.07
Bhutan,1.12
Bhutan,1.13
Bhutan,0.61
Bhutan,0.62
Bhutan,0.99
Bolivia (Plurin. State of),0.97
Bolivia (Plurin. State of),1
Bolivia (Plurin. State of),0.99
Bolivia (Plurin. State of),0.98
Bolivia (Plurin. State of),0.99
Bolivia (Plurin. State of),0.99
Bolivia (Plurin. State of),0.99
Bolivia (Plurin. State of),0.95
Bolivia (Plurin. State of),1
Bolivia (Plurin. State of),0.99
Bolivia (Plurin. State of),0.98
Bolivia (Plurin. State of),0.98
Bolivia (Plurin. State of),0.98
Bosnia and Herzegovina,1.33
Botswana,1.02
Botswana,0.99
Botswana,0.98
Botswana,1.08
Botswana,1.03
Botswana,0.83
Botswana,0.86
Botswana,1.25
Botswana,1.3
Botswana,1.32
Brazil,0.94
Brazil,0.96
Brazil,0.97
Brazil,0.97
Brazil,1.1
Brazil,1.06
Brazil,1.03
Brazil,1.03
Brazil,1.22
Brazil,1.25
Brazil,1.27
Brazil,1.27
British Virgin Islands,1
British Virgin Islands,0.96
British Virgin Islands,0.98
British Virgin Islands,0.94
British Virgin Islands,0.96
British Virgin Islands,1
British Virgin Islands,1.12
British Virgin Islands,1.02
British Virgin Islands,1.09
British Virgin Islands,1.44
British Virgin Islands,1.44
Brunei Darussalam,0.95
Brunei Darussalam,0.96
Brunei Darussalam,1
Brunei Darussalam,1
Brunei Darussalam,1
Brunei Darussalam,1.01
Brunei Darussalam,1.01
Brunei Darussalam,0.99
Brunei Darussalam,1.01
Brunei Darussalam,1.02
Brunei Darussalam,1.03
Brunei Darussalam,1.02
Brunei Darussalam,1.03
Brunei Darussalam,1.5
Brunei Darussalam,1.46
Brunei Darussalam,1.41
Brunei Darussalam,1.38
Brunei Darussalam,1.36
Brunei Darussalam,1.36
Bulgaria,0.99
Bulgaria,0.99
Bulgaria,1
Bulgaria,0.99
Bulgaria,0.99
Bulgaria,0.99
Bulgaria,1
Bulgaria,0.96
Bulgaria,0.96
Bulgaria,0.97
Bulgaria,0.97
Bulgaria,0.97
Bulgaria,1.37
Bulgaria,1.14
Bulgaria,1.24
Bulgaria,1.22
Bulgaria,1.19
Bulgaria,1.19
Burkina Faso,0.66
Burkina Faso,0.8
Burkina Faso,0.91
Burkina Faso,0.97
Burkina Faso,0.98
Burkina Faso,0.98
Burkina Faso,0.99
Burkina Faso,0.71
Burkina Faso,0.76
Burkina Faso,0.92
Burkina Faso,0.97
Burkina Faso,1
Burkina Faso,1.03
Burkina Faso,0.28
Burkina Faso,0.45
Burkina Faso,0.48
Burkina Faso,0.52
Burkina Faso,0.52
Burkina Faso,0.58
Burkina Faso,0.56
Burundi,0.8
Burundi,0.86
Burundi,0.99
Burundi,1.03
Burundi,1.02
Burundi,1.01
Burundi,1.01
Burundi,0.74
Burundi,0.72
Burundi,0.94
Burundi,1.05
Burundi,1.11
Burundi,1.15
Burundi,0.38
Burundi,0.54
Burundi,0.33
Burundi,0.53
Burundi,0.61
Cabo Verde,0.96
Cabo Verde,0.93
Cabo Verde,0.93
Cabo Verde,0.93
Cabo Verde,0.93
Cabo Verde,1.13
Cabo Verde,1.19
Cabo Verde,1.12
Cabo Verde,1.1
Cabo Verde,1.1
Cabo Verde,1.06
Cabo Verde,1.22
Cabo Verde,1.32
Cabo Verde,1.33
Cabo Verde,1.33
Cambodia,0.82
Cambodia,0.93
Cambodia,0.94
Cambodia,0.99
Cambodia,0.98
Cambodia,0.98
Cambodia,0.97
Cambodia,0.19
Cambodia,0.46
Cambodia,0.6
Cambodia,0.82
Cambodia,0.87
Cambodia,0.9
Cambodia,0.94
Cameroon,0.9
Cameroon,0.84
Cameroon,0.86
Cameroon,0.9
Cameroon,0.9
Cameroon,0.9
Cameroon,0.9
Cameroon,0.69
Cameroon,0.79
Cameroon,0.86
Cameroon,0.66
Cameroon,0.81
Cameroon,0.8
Cameroon,0.81
Cameroon,0.89
Canada,0.99
Canada,0.99
Canada,1.01
Canada,1.01
Canada,1
Canada,1
Canada,1
Canada,0.98
Canada,0.98
Canada,1.01
Canada,1.01
Canada,1.01
Canada,1.14
Canada,1.28
Canada,1.25
Canada,1.26
Canada,1.25
Cayman Islands,0.96
Cayman Islands,0.97
Cayman Islands,0.93
Cayman Islands,1.01
Central African Republic,0.7
Central African Republic,0.73
Central African Republic,0.67
Central African Republic,0.32
Chad,0.49
Chad,0.68
Chad,0.73
Chad,0.77
Chad,0.76
Chad,0.78
Chad,0.78
Chad,0.24
Chad,0.35
Chad,0.42
Chad,0.45
Chad,0.51
Chad,0.52
Chad,0.53
Chad,0.06
Chad,0.17
Chad,0.29
Chile,0.96
Chile,0.97
Chile,0.97
Chile,0.97
Chile,0.97
Chile,1.01
Chile,1.03
Chile,1.01
Chile,1
Chile,1
Chile,0.86
Chile,0.96
Chile,1.07
Chile,1.1
Chile,1.13
Chile,1.14
China,0.95
China,0.98
China,1
China,1.01
China,1.01
China,1.01
China,0.85
China,1
China,0.9
China,1.06
China,1.16
China,1.17
China,1.18
China,1.18
"China, Hong Kong SAR",1.01
"China, Hong Kong SAR",1.02
"China, Hong Kong SAR",1.04
"China, Hong Kong SAR",1.04
"China, Hong Kong SAR",1.05
"China, Hong Kong SAR",1.01
"China, Hong Kong SAR",1
"China, Hong Kong SAR",0.98
"China, Hong Kong SAR",0.97
"China, Hong Kong SAR",0.97
"China, Hong Kong SAR",0.98
"China, Hong Kong SAR",1.01
"China, Hong Kong SAR",1
"China, Hong Kong SAR",1.12
"China, Hong Kong SAR",1.11
"China, Hong Kong SAR",1.1
"China, Hong Kong SAR",1.1
"China, Macao SAR",0.94
"China, Macao SAR",0.98
"China, Macao SAR",0.98
"China, Macao SAR",0.99
"China, Macao SAR",0.99
"China, Macao SAR",0.98
"China, Macao SAR",0.93
"China, Macao SAR",0.97
"China, Macao SAR",0.99
"China, Macao SAR",1
"China, Macao SAR",1
"China, Macao SAR",1
"China, Macao SAR",0.67
"China, Macao SAR",0.96
"China, Macao SAR",1.23
"China, Macao SAR",1.23
"China, Macao SAR",1.26
"China, Macao SAR",1.27
Colombia,0.99
Colombia,0.98
Colombia,0.98
Colombia,0.97
Colombia,0.97
Colombia,0.97
Colombia,0.97
Colombia,1.15
Colombia,1.11
Colombia,1.1
Colombia,1.07
Colombia,1.06
Colombia,1.05
Colombia,1.05
Colombia,1.01
Colombia,1.08
Colombia,1.09
Colombia,1.14
Colombia,1.14
Colombia,1.14
Colombia,1.14
Comoros,0.96
Comoros,1
Comoros,1.06
Comoros,1.07
Comoros,0.74
Congo,0.85
Congo,0.93
Congo,0.95
Congo,0.97
Congo,0.67
Cook Islands,0.99
Cook Islands,0.95
Cook Islands,0.96
Cook Islands,0.96
Cook Islands,1.05
Cook Islands,1.1
Cook Islands,1.06
Cook Islands,1.04
Costa Rica,0.99
Costa Rica,0.97
Costa Rica,0.98
Costa Rica,0.99
Costa Rica,1.01
Costa Rica,1.01
Costa Rica,1.01
Costa Rica,1.08
Costa Rica,1.04
Costa Rica,1.04
Costa Rica,1.04
Costa Rica,1.07
Costa Rica,1.08
Costa Rica,1.08
Costa Rica,1.24
Costa Rica,1.2
Costa Rica,1.18
Costa Rica,1.18
Côte d’Ivoire,0.73
Côte d’Ivoire,0.88
Côte d’Ivoire,0.91
Côte d’Ivoire,0.93
Côte d’Ivoire,0.94
Côte d’Ivoire,0.7
Côte d’Ivoire,0.74
Côte d’Ivoire,0.77
Côte d’Ivoire,0.79
Côte d’Ivoire,0.34
Côte d’Ivoire,0.51
Côte d’Ivoire,0.65
Côte d’Ivoire,0.69
Côte d’Ivoire,0.75
Croatia,1
Croatia,1
Croatia,1
Croatia,1
Croatia,1
Croatia,1
Croatia,1.04
Croatia,1.03
Croatia,1.07
Croatia,1.05
Croatia,1.05
Croatia,1.05
Croatia,1.01
Croatia,1.18
Croatia,1.26
Croatia,1.26
Croatia,1.27
Croatia,1.28
Cuba,0.99
Cuba,0.97
Cuba,0.98
Cuba,0.94
Cuba,0.95
Cuba,0.96
Cuba,0.97
Cuba,1.12
Cuba,1.02
Cuba,1
Cuba,1.02
Cuba,1.02
Cuba,1.02
Cuba,1.01
Cuba,1.32
Cuba,1.41
Cuba,1.39
Cuba,1.29
Cuba,1.41
Cuba,1.37
Cyprus,1
Cyprus,1
Cyprus,1
Cyprus,1
Cyprus,1
Cyprus,0.99
Cyprus,1.01
Cyprus,1.02
Cyprus,1.01
Cyprus,0.99
Cyprus,0.98
Cyprus,0.98
Cyprus,1.22
Cyprus,1.12
Cyprus,0.9
Cyprus,1.26
Cyprus,1.16
Cyprus,1.08
Czechia,1
Czechia,0.99
Czechia,1
Czechia,1
Czechia,1.01
Czechia,1.01
Czechia,1.03
Czechia,1.02
Czechia,1.01
Czechia,1.01
Czechia,1.01
Czechia,1
Czechia,0.96
Czechia,1.14
Czechia,1.28
Czechia,1.29
Czechia,1.29
Czechia,1.28
Dem. People's Rep. Korea,1
Dem. People's Rep. Korea,1.01
Dem. People's Rep. Korea,0.55
Dem. People's Rep. Korea,0.51
Dem. Rep. of the Congo,0.69
Dem. Rep. of the Congo,0.87
Dem. Rep. of the Congo,0.99
Dem. Rep. of the Congo,0.94
Dem. Rep. of the Congo,0.61
Dem. Rep. of the Congo,0.58
Dem. Rep. of the Congo,0.64
Denmark,1
Denmark,1
Denmark,1
Denmark,0.99
Denmark,0.99
Denmark,1
Denmark,1.03
Denmark,1.04
Denmark,1.01
Denmark,1.05
Denmark,1.01
Denmark,1
Denmark,1.1
Denmark,1.28
Denmark,1.31
Denmark,1.29
Denmark,1.27
Denmark,1.27
Djibouti,0.78
Djibouti,0.82
Djibouti,1.07
Djibouti,1.06
Djibouti,1.02
Djibouti,1
Djibouti,0.69
Djibouti,0.66
Djibouti,0.95
Djibouti,0.99
Djibouti,1
Djibouti,1.03
Djibouti,0.72
Djibouti,0.75
Dominica,1.15
Dominica,1
Dominica,0.98
Dominica,0.98
Dominica,0.97
Dominica,1.08
Dominica,1.09
Dominica,0.99
Dominica,1.02
Dominican Republic,0.95
Dominican Republic,0.88
Dominican Republic,0.91
Dominican Republic,0.93
Dominican Republic,0.94
Dominican Republic,0.95
Dominican Republic,1.19
Dominican Republic,1.12
Dominican Republic,1.1
Dominican Republic,1.09
Dominican Republic,1.08
Dominican Republic,1.09
Dominican Republic,1.45
Dominican Republic,1.44
Ecuador,1
Ecuador,1
Ecuador,1
Ecuador,1
Ecuador,1.01
Ecuador,1.02
Ecuador,1.01
Ecuador,1.05
Ecuador,1.04
Ecuador,1.03
Ecuador,1.03
Ecuador,1.14
Ecuador,1.13
Egypt,0.89
Egypt,0.95
Egypt,0.97
Egypt,1
Egypt,1
Egypt,1.01
Egypt,0.88
Egypt,0.97
Egypt,0.98
Egypt,0.99
Egypt,0.99
Egypt,0.84
Egypt,0.92
Egypt,0.96
Egypt,1.03
Egypt,1.04
El Salvador,0.98
El Salvador,0.97
El Salvador,0.95
El Salvador,0.96
El Salvador,0.97
El Salvador,0.97
El Salvador,1
El Salvador,0.99
El Salvador,1.01
El Salvador,0.99
El Salvador,0.99
El Salvador,0.97
El Salvador,1.1
El Salvador,1.1
El Salvador,1.1
El Salvador,1.11
El Salvador,1.12
Equatorial Guinea,0.97
Equatorial Guinea,0.99
Equatorial Guinea,0.99
Equatorial Guinea,0.74
Eritrea,0.81
Eritrea,0.81
Eritrea,0.85
Eritrea,0.86
Eritrea,0.86
Eritrea,0.86
Eritrea,0.72
Eritrea,0.6
Eritrea,0.77
Eritrea,0.85
Eritrea,0.9
Eritrea,0.91
Eritrea,0.16
Eritrea,0.38
Eritrea,0.65
Estonia,0.97
Estonia,0.97
Estonia,0.99
Estonia,1
Estonia,1
Estonia,1
Estonia,1.12
Estonia,1.04
Estonia,1
Estonia,1
Estonia,1.02
Estonia,1.03
Estonia,1.09
Estonia,1.41
Estonia,1.4
Estonia,1.34
Estonia,1.34
Estonia,1.34
Eswatini,0.98
Eswatini,0.93
Eswatini,0.91
Eswatini,0.91
Eswatini,0.92
Eswatini,0.92
Eswatini,0.96
Eswatini,0.95
Eswatini,1
Eswatini,0.96
Ethiopia,0.6
Ethiopia,0.84
Ethiopia,0.92
Ethiopia,0.91
Ethiopia,0.8
Ethiopia,0.6
Ethiopia,0.83
Ethiopia,0.96
Ethiopia,0.26
Ethiopia,0.32
Ethiopia,0.43
Fiji,1
Fiji,0.98
Fiji,0.96
Fiji,1.16
Finland,1
Finland,0.99
Finland,0.99
Finland,0.99
Finland,0.99
Finland,0.99
Finland,1.15
Finland,1.05
Finland,1.05
Finland,1.1
Finland,1.1
Finland,1.1
Finland,1.15
Finland,1.17
Finland,1.18
Finland,1.17
Finland,1.15
Finland,1.16
France,0.98
France,0.99
France,0.99
France,0.99
France,0.99
France,0.99
France,0.99
France,1
France,1.01
France,1.01
France,1.01
France,1
France,1.2
France,1.2
France,1.2
France,1.2
France,1.19
France,1.2
French Guiana,0.97
French Guiana,1.04
French Polynesia,0.96
Gabon,1
Gabon,0.84
Gambia,0.75
Gambia,1.03
Gambia,1.03
Gambia,1.07
Gambia,1.08
Gambia,1.09
Gambia,1.11
Gambia,0.56
Gambia,0.96
Gambia,0.55
Gambia,0.7
Georgia,0.99
Georgia,1.04
Georgia,1.01
Georgia,1
Georgia,1.01
Georgia,1.01
Georgia,1.01
Georgia,0.94
Georgia,1.04
Georgia,1.03
Georgia,1.01
Georgia,1.01
Georgia,1.01
Georgia,1.24
Georgia,1.08
Georgia,1.23
Georgia,1.19
Georgia,1.12
Georgia,1.1
Georgia,1.12
Germany,0.99
Germany,1
Germany,0.99
Germany,1
Germany,1
Germany,1.01
Germany,0.96
Germany,0.97
Germany,0.95
Germany,0.95
Germany,0.94
Germany,0.94
Germany,0.8
Germany,0.98
Germany,1.01
Germany,1.03
Ghana,0.9
Ghana,0.96
Ghana,1
Ghana,1.01
Ghana,1.01
Ghana,1.01
Ghana,0.73
Ghana,0.84
Ghana,0.95
Ghana,0.97
Ghana,0.99
Ghana,1
Ghana,0.56
Ghana,0.7
Ghana,0.73
Ghana,0.77
Ghana,0.85
Gibraltar,1
Gibraltar,1.02
Gibraltar,0.97
Gibraltar,0.95
Greece,1.02
Greece,0.98
Greece,0.98
Greece,0.99
Greece,1
Greece,1
Greece,1.01
Greece,0.95
Greece,0.97
Greece,0.93
Greece,0.94
Greece,0.95
Greece,1.05
Greece,1.1
Greece,1.06
Greece,1.01
Greece,1
Grenada,0.92
Grenada,0.97
Grenada,0.96
Grenada,0.96
Grenada,0.95
Grenada,0.98
Grenada,1.03
Grenada,1.03
Grenada,0.98
Grenada,1.04
Grenada,1.03
Grenada,1.13
Grenada,1.18
Grenada,1.2
Guadeloupe,1.09
Guatemala,0.87
Guatemala,0.94
Guatemala,0.98
Guatemala,0.97
Guatemala,0.97
Guatemala,0.97
Guatemala,0.98
Guatemala,0.92
Guatemala,0.94
Guatemala,0.94
Guatemala,0.95
Guatemala,0.95
Guatemala,0.96
Guatemala,1.15
Guinea,0.51
Guinea,0.8
Guinea,0.82
Guinea,0.49
Guinea,0.21
Guinea,0.31
Guinea-Bissau,0.57
Guinea-Bissau,0.93
Guyana,0.97
Guyana,1
Guyana,0.97
Guyana,1.02
Guyana,1.04
Guyana,0.89
Guyana,1.53
Guyana,1.58
Haiti,0.95
Honduras,1.01
Honduras,1
Honduras,1
Honduras,0.99
Honduras,1
Honduras,1
Honduras,1.23
Honduras,1.2
Honduras,1.15
Honduras,1.12
Honduras,1.14
Honduras,1.27
Honduras,1.27
Honduras,1.27
Honduras,1.28
Hungary,0.99
Hungary,0.98
Hungary,0.99
Hungary,1
Hungary,0.99
Hungary,0.99
Hungary,1.04
Hungary,0.99
Hungary,0.99
Hungary,1.01
Hungary,1
Hungary,1
Hungary,1.12
Hungary,1.32
Hungary,1.27
Hungary,1.2
Hungary,1.2
Hungary,1.18
Iceland,1
Iceland,0.98
Iceland,1.01
Iceland,1
Iceland,1
Iceland,1
Iceland,0.97
Iceland,1.01
Iceland,1.02
Iceland,1.01
Iceland,0.99
Iceland,0.99
Iceland,1.29
Iceland,1.48
Iceland,1.44
Iceland,1.44
Iceland,1.46
Iceland,1.46
India,0.83
India,1.03
India,1.12
India,1.15
India,1.02
India,0.65
India,0.84
India,0.94
India,1.02
India,1.02
India,1.01
India,1.02
India,0.57
India,0.72
India,0.74
India,1
India,1.04
India,1.07
India,1.1
Indonesia,0.97
Indonesia,0.97
Indonesia,1.03
Indonesia,0.97
Indonesia,0.97
Indonesia,0.97
Indonesia,0.86
Indonesia,0.99
Indonesia,1.01
Indonesia,1
Indonesia,1.02
Indonesia,1.03
Indonesia,0.63
Indonesia,0.88
Indonesia,1.1
Indonesia,1.13
Indonesia,1.13
Iran (Islamic Republic of),0.92
Iran (Islamic Republic of),0.97
Iran (Islamic Republic of),0.98
Iran (Islamic Republic of),1.06
Iran (Islamic Republic of),1.06
Iran (Islamic Republic of),0.84
Iran (Islamic Republic of),0.96
Iran (Islamic Republic of),0.94
Iran (Islamic Republic of),0.94
Iran (Islamic Republic of),0.96
Iran (Islamic Republic of),1.06
Iran (Islamic Republic of),1
Iran (Islamic Republic of),0.86
Iran (Islamic Republic of),0.88
Iraq,0.6
Ireland,1
Ireland,1
Ireland,1
Ireland,1
Ireland,1
Ireland,0.99
Ireland,1.06
Ireland,1.09
Ireland,1.06
Ireland,1.03
Ireland,0.98
Ireland,1.14
Ireland,1.02
Ireland,1.2
Ireland,1.07
Ireland,1.08
Ireland,1.1
Ireland,1.11
Israel,1.01
Israel,1
Israel,1.01
Israel,1.01
Israel,1.01
Israel,0.99
Israel,1.02
Israel,1.01
Israel,1.02
Israel,1.02
Israel,1.25
Israel,1.23
Israel,1.28
Israel,1.29
Israel,1.3
Italy,0.99
Italy,0.99
Italy,0.99
Italy,1
Italy,0.97
Italy,0.97
Italy,1
Italy,0.99
Italy,0.99
Italy,1
Italy,0.99
Italy,0.99
Italy,1.12
Italy,1.27
Italy,1.3
Italy,1.27
Italy,1.26
Italy,1.26
Jamaica,1
Jamaica,1.06
Jamaica,1.08
Jamaica,1.07
Jamaica,1.05
Jamaica,1.03
Jamaica,1.02
Jamaica,1.57
Jamaica,1.43
Jordan,1.01
Jordan,1.01
Jordan,0.98
Jordan,0.98
Jordan,0.98
Jordan,0.98
Jordan,1.03
Jordan,1.04
Jordan,1.03
Jordan,1.03
Jordan,1.02
Jordan,1.08
Jordan,1.12
Jordan,1.08
Jordan,1.13
Jordan,1.16
Jordan,1.15
Kazakhstan,1.01
Kazakhstan,1
Kazakhstan,1.01
Kazakhstan,1
Kazakhstan,1.02
Kazakhstan,1.02
Kazakhstan,1.02
Kazakhstan,1.01
Kazakhstan,1.03
Kazakhstan,1.01
Kazakhstan,1.01
Kazakhstan,1.01
Kazakhstan,1.22
Kazakhstan,1.21
Kazakhstan,1.22
Kazakhstan,1.21
Kazakhstan,1.2
Kazakhstan,1.19
Kenya,0.98
Kenya,0.96
Kenya,1
Kenya,0.94
Kenya,0.59
Kenya,0.71
Kenya,0.74
Kiribati,1.03
Kiribati,1.01
Kiribati,1.02
Kiribati,1.07
Kiribati,1.24
Kiribati,1.15
Kuwait,1.01
Kuwait,1.04
Kuwait,0.98
Kuwait,1.03
Kuwait,1.03
Kuwait,1.1
Kuwait,1.15
Kuwait,1.06
Kuwait,1.09
Kuwait,1.02
Kuwait,1.06
Kuwait,1.37
Kuwait,1.52
Kuwait,1.53
Kuwait,1.53
Kuwait,1.51
Kyrgyzstan,1.02
Kyrgyzstan,0.98
Kyrgyzstan,0.99
Kyrgyzstan,0.99
Kyrgyzstan,0.99
Kyrgyzstan,0.99
Kyrgyzstan,0.99
Kyrgyzstan,1
Kyrgyzstan,1
Kyrgyzstan,1.01
Kyrgyzstan,1
Kyrgyzstan,1
Kyrgyzstan,1
Kyrgyzstan,1.21
Kyrgyzstan,1.2
Kyrgyzstan,1.23
Kyrgyzstan,1.23
Kyrgyzstan,1.19
Kyrgyzstan,1.23
Kyrgyzstan,1.21
Lao People's Dem. Rep.,0.81
Lao People's Dem. Rep.,0.87
Lao People's Dem. Rep.,0.91
Lao People's Dem. Rep.,0.95
Lao People's Dem. Rep.,0.96
Lao People's Dem. Rep.,0.96
Lao People's Dem. Rep.,0.97
Lao People's Dem. Rep.,0.66
Lao People's Dem. Rep.,0.75
Lao People's Dem. Rep.,0.82
Lao People's Dem. Rep.,0.92
Lao People's Dem. Rep.,0.93
Lao People's Dem. Rep.,0.93
Lao People's Dem. Rep.,0.94
Lao People's Dem. Rep.,0.41
Lao People's Dem. Rep.,0.7
Lao People's Dem. Rep.,0.76
Lao People's Dem. Rep.,0.95
Lao People's Dem. Rep.,1.04
Lao People's Dem. Rep.,1.07
Lao People's Dem. Rep.,1.1
Latvia,0.97
Latvia,0.98
Latvia,0.98
Latvia,1
Latvia,1
Latvia,1
Latvia,1.07
Latvia,0.99
Latvia,0.99
Latvia,0.98
Latvia,0.99
Latvia,0.99
Latvia,1.44
Latvia,1.43
Latvia,1.36
Latvia,1.31
Latvia,1.33
Lesotho,1.11
Lesotho,0.99
Lesotho,0.96
Lesotho,0.95
Lesotho,0.95
Lesotho,1.26
Lesotho,1.39
Lesotho,1.35
Lesotho,1.35
Lesotho,1.14
Lesotho,1.21
Lesotho,1.33
Lesotho,1.38
Lesotho,1.35
Liberia,0.9
Liberia,0.99
Liberia,0.77
Liberia,0.53
Libya,0.99
Libya,1.19
Liechtenstein,0.92
Liechtenstein,0.94
Liechtenstein,0.98
Liechtenstein,0.97
Liechtenstein,1.01
Liechtenstein,0.87
Liechtenstein,0.85
Liechtenstein,0.78
Liechtenstein,0.81
Liechtenstein,0.83
Liechtenstein,0.4
Liechtenstein,0.62
Liechtenstein,0.49
Liechtenstein,0.63
Liechtenstein,0.57
Lithuania,0.97
Lithuania,0.99
Lithuania,0.99
Lithuania,1
Lithuania,1
Lithuania,1
Lithuania,1.05
Lithuania,0.99
Lithuania,0.98
Lithuania,0.96
Lithuania,0.96
Lithuania,0.96
Lithuania,1.3
Lithuania,1.36
Lithuania,1.34
Lithuania,1.3
Lithuania,1.27
Lithuania,1.27
Luxembourg,1
Luxembourg,1.01
Luxembourg,1
Luxembourg,0.99
Luxembourg,0.98
Luxembourg,1.01
Luxembourg,1.05
Luxembourg,1.03
Luxembourg,1.04
Luxembourg,1.02
Luxembourg,1.02
Luxembourg,1.1
Luxembourg,1.1
Luxembourg,1.1
Luxembourg,1.13
Madagascar,1.04
Madagascar,0.96
Madagascar,0.98
Madagascar,1
Madagascar,1.01
Madagascar,1.02
Madagascar,0.96
Madagascar,0.99
Madagascar,1.01
Madagascar,1.03
Madagascar,1.04
Madagascar,0.83
Madagascar,0.89
Madagascar,0.91
Madagascar,0.9
Madagascar,0.93
Madagascar,0.95
Malawi,0.9
Malawi,1.01
Malawi,1.02
Malawi,1.02
Malawi,1.03
Malawi,1.01
Malawi,1.03
Malawi,0.67
Malawi,0.79
Malawi,0.88
Malawi,0.91
Malawi,0.94
Malawi,0.98
Malawi,0.83
Malawi,0.42
Malawi,0.53
Malawi,0.59
Malaysia,1
Malaysia,1
Malaysia,1.01
Malaysia,1.01
Malaysia,1.01
Malaysia,1.09
Malaysia,1.1
Malaysia,1.08
Malaysia,1.09
Malaysia,1.06
Malaysia,1.08
Malaysia,1.08
Malaysia,1.24
Malaysia,1.27
Malaysia,1.23
Malaysia,1.14
Malaysia,1.18
Malaysia,1.23
Maldives,0.97
Maldives,0.98
Maldives,0.97
Maldives,1.02
Maldives,1.04
Maldives,1.03
Maldives,1.05
Maldives,1.01
Maldives,0.93
Maldives,1.72
Mali,0.69
Mali,0.79
Mali,0.86
Mali,0.9
Mali,0.89
Mali,0.9
Mali,0.49
Mali,0.62
Mali,0.69
Mali,0.79
Mali,0.81
Mali,0.82
Mali,0.18
Mali,0.41
Mali,0.42
Malta,0.97
Malta,0.98
Malta,1
Malta,1.01
Malta,1
Malta,1.01
Malta,1.01
Malta,0.94
Malta,0.96
Malta,0.89
Malta,1.06
Malta,1
Malta,1
Malta,1
Malta,0.98
Malta,1.26
Malta,1.25
Malta,1.28
Malta,1.27
Malta,1.27
Malta,1.29
Marshall Islands,1.25
Marshall Islands,0.98
Marshall Islands,0.96
Marshall Islands,1.02
Marshall Islands,1.07
Marshall Islands,1.08
Marshall Islands,1.11
Martinique,0.98
Martinique,1.06
Mauritania,0.84
Mauritania,1.03
Mauritania,1.05
Mauritania,1.05
Mauritania,1.07
Mauritania,1.06
Mauritania,1.06
Mauritania,0.57
Mauritania,0.88
Mauritania,0.85
Mauritania,0.93
Mauritania,1
Mauritania,1.02
Mauritania,1.05
Mauritania,0.21
Mauritania,0.33
Mauritania,0.4
Mauritania,0.5
Mauritania,0.5
Mauritania,0.54
Mauritania,0.61
Mauritius,1
Mauritius,1
Mauritius,1.01
Mauritius,1.02
Mauritius,1.02
Mauritius,1.03
Mauritius,1.03
Mauritius,0.98
Mauritius,1.05
Mauritius,1.04
Mauritius,1.07
Mauritius,1.06
Mauritius,1.02
Mauritius,1
Mauritius,1.03
Mauritius,1.17
Mauritius,1.24
Mauritius,1.29
Mexico,0.97
Mexico,0.98
Mexico,0.99
Mexico,1
Mexico,1
Mexico,1.01
Mexico,0.97
Mexico,1.04
Mexico,1.08
Mexico,1.07
Mexico,1.08
Mexico,1.09
Mexico,0.83
Mexico,0.98
Mexico,0.98
Mexico,0.98
Mexico,1.02
Mexico,1.04
Micronesia (Fed. States of),0.97
Micronesia (Fed. States of),0.98
Micronesia (Fed. States of),0.96
Micronesia (Fed. States of),1.08
Mongolia,1.03
Mongolia,1
Mongolia,0.98
Mongolia,0.98
Mongolia,0.98
Mongolia,0.98
Mongolia,0.98
Mongolia,1.33
Mongolia,1.11
Mongolia,1.07
Mongolia,1.01
Mongolia,1.4
Mongolia,1.35
Mongolia,1.27
Mongolia,1.29
Mongolia,1.29
Montenegro,1.02
Montenegro,1
Montenegro,1
Montenegro,1
Montenegro,0.95
Montenegro,1
Montenegro,1.03
Montenegro,1.03
Montenegro,1.02
Montenegro,1.01
Montenegro,1.01
Montenegro,1.02
Montenegro,1.37
Montenegro,1.2
Montenegro,1.23
Montenegro,1.26
Montenegro,1.25
Montserrat,0.97
Montserrat,0.93
Montserrat,1.18
Montserrat,1.1
Montserrat,1.14
Montserrat,1.05
Montserrat,1.08
Montserrat,1.12
Montserrat,1.08
Montserrat,1.84
Morocco,0.74
Morocco,0.91
Morocco,0.94
Morocco,0.95
Morocco,0.96
Morocco,0.96
Morocco,0.97
Morocco,0.74
Morocco,0.85
Morocco,0.87
Morocco,0.89
Morocco,0.92
Morocco,0.93
Morocco,0.71
Morocco,0.8
Morocco,0.9
Morocco,0.96
Morocco,0.97
Morocco,0.99
Morocco,1.03
Mozambique,0.71
Mozambique,0.83
Mozambique,0.89
Mozambique,0.91
Mozambique,0.93
Mozambique,0.93
Mozambique,0.93
Mozambique,0.61
Mozambique,0.68
Mozambique,0.8
Mozambique,0.91
Mozambique,0.89
Mozambique,0.3
Mozambique,0.48
Mozambique,0.65
Mozambique,0.72
Mozambique,0.8
Mozambique,0.81
Myanmar,0.94
Myanmar,1
Myanmar,0.99
Myanmar,0.95
Myanmar,0.96
Myanmar,0.96
Myanmar,1.05
Myanmar,1.09
Myanmar,1.09
Myanmar,1.36
Myanmar,1.29
Namibia,0.98
Namibia,0.98
Namibia,0.96
Namibia,0.96
Namibia,0.97
Namibia,1.15
Namibia,1.11
Namibia,1.34
Namibia,0.85
Namibia,1.42
Namibia,1.49
Namibia,1.49
Nauru,0.94
Nauru,0.99
Nauru,1.03
Nauru,1.04
Nepal,0.69
Nepal,0.91
Nepal,1.08
Nepal,1.06
Nepal,1.02
Nepal,1.02
Nepal,0.59
Nepal,0.81
Nepal,0.98
Nepal,1.05
Nepal,1.07
Nepal,1.07
Nepal,0.54
Nepal,0.64
Nepal,0.94
Nepal,1.01
Nepal,1.07
Nepal,1.05
Netherlands,0.98
Netherlands,0.98
Netherlands,1
Netherlands,1
Netherlands,1
Netherlands,1
Netherlands,0.95
Netherlands,0.98
Netherlands,0.99
Netherlands,1.02
Netherlands,1.01
Netherlands,1.01
Netherlands,0.93
Netherlands,1.08
Netherlands,1.1
Netherlands,1.13
Netherlands,1.13
Netherlands,1.12
New Zealand,1
New Zealand,0.99
New Zealand,1
New Zealand,1.01
New Zealand,1
New Zealand,1.01
New Zealand,0.98
New Zealand,1.06
New Zealand,1.05
New Zealand,1.06
New Zealand,1.06
New Zealand,1.06
New Zealand,1.2
New Zealand,1.29
New Zealand,1.3
New Zealand,1.32
Nicaragua,1.04
Nicaragua,0.99
Nicaragua,0.99
Nicaragua,1.16
Nicaragua,1.13
Nicaragua,1.05
Niger,0.62
Niger,0.72
Niger,0.81
Niger,0.85
Niger,0.87
Niger,0.88
Niger,0.63
Niger,0.7
Niger,0.74
Niger,0.75
Niger,0.36
Niger,0.4
Niger,0.48
Niger,0.49
Niger,0.41
Niger,0.64
Nigeria,0.83
Nigeria,0.84
Nigeria,0.91
Nigeria,0.83
Nigeria,0.87
Nigeria,0.92
Nigeria,0.71
Nigeria,0.74
Niue,0.97
Niue,1
Niue,1.16
Niue,1.1
Niue,1.22
Niue,1
North Macedonia,0.99
North Macedonia,0.98
North Macedonia,0.99
North Macedonia,1
North Macedonia,1
North Macedonia,1
North Macedonia,0.99
North Macedonia,0.97
North Macedonia,0.97
North Macedonia,0.98
North Macedonia,0.97
North Macedonia,0.98
North Macedonia,1.19
North Macedonia,1.28
North Macedonia,1.14
North Macedonia,1.2
North Macedonia,1.24
North Macedonia,1.24
Norway,1
Norway,1
Norway,1
Norway,1
Norway,1
Norway,1
Norway,0.95
Norway,1.01
Norway,0.98
Norway,0.98
Norway,0.96
Norway,0.96
Norway,1.2
Norway,1.34
Norway,1.38
Norway,1.31
Norway,1.33
Norway,1.32
Oman,0.99
Oman,0.99
Oman,1.04
Oman,1.05
Oman,1.1
Oman,1.09
Oman,0.95
Oman,0.96
Oman,0.98
Oman,0.94
Oman,0.92
Oman,0.91
Oman,1.15
Oman,1.06
Oman,1.31
Oman,1.48
Oman,1.51
Oman,1.53
Oman,1.46
Pakistan,0.77
Pakistan,0.85
Pakistan,0.86
Pakistan,0.86
Pakistan,0.84
Pakistan,0.86
Pakistan,0.77
Pakistan,0.79
Pakistan,0.81
Pakistan,0.85
Pakistan,0.87
Pakistan,0.87
Pakistan,0.87
Pakistan,0.87
Pakistan,0.87
Panama,0.97
Panama,0.96
Panama,0.98
Panama,0.98
Panama,1.07
Panama,1.06
Panama,1.05
Panama,1.06
Panama,1.39
Panama,1.35
Panama,1.36
Papua New Guinea,0.87
Papua New Guinea,0.85
Papua New Guinea,0.68
Papua New Guinea,0.47
Paraguay,0.98
Paraguay,0.98
Paraguay,0.97
Paraguay,1.08
Paraguay,1.04
Paraguay,1.06
Paraguay,1.13
Paraguay,1.3
Peru,0.98
Peru,1
Peru,1
Peru,1
Peru,0.97
Peru,0.97
Peru,0.96
Peru,0.95
Peru,0.99
Peru,1.03
Peru,1
Peru,0.96
Peru,0.95
Peru,0.94
Peru,1.04
Peru,1.05
Philippines,0.99
Philippines,0.99
Philippines,0.97
Philippines,0.96
Philippines,0.96
Philippines,0.97
Philippines,1.12
Philippines,1.08
Philippines,1.11
Philippines,1.11
Philippines,1.09
Philippines,1.27
Philippines,1.19
Philippines,1.2
Philippines,1.24
Poland,0.99
Poland,0.99
Poland,0.99
Poland,1
Poland,0.99
Poland,1.01
Poland,0.99
Poland,0.99
Poland,0.96
Poland,0.97
Poland,0.97
Poland,1.29
Poland,1.29
Poland,1.34
Poland,1.34
Poland,1.34
Poland,1.34
Portugal,0.95
Portugal,0.95
Portugal,0.97
Portugal,0.96
Portugal,0.97
Portugal,0.97
Portugal,1.08
Portugal,1.1
Portugal,1.03
Portugal,0.97
Portugal,0.98
Portugal,1
Portugal,1.25
Portugal,1.24
Portugal,1.15
Portugal,1.12
Portugal,1.11
Portugal,1.12
Puerto Rico,1.04
Puerto Rico,1.06
Puerto Rico,1.32
Qatar,0.99
Qatar,0.96
Qatar,1.03
Qatar,1.01
Qatar,1
Qatar,1.01
Qatar,1.03
Qatar,0.97
Qatar,0.92
Qatar,0.95
Qatar,1.82
Qatar,1.71
Qatar,1.83
Qatar,1.86
Qatar,1.87
Qatar,1.87
Qatar,1.87
Republic of Korea,1.03
Republic of Korea,0.99
Republic of Korea,1
Republic of Korea,1
Republic of Korea,1
Republic of Korea,1
Republic of Korea,1
Republic of Korea,1.02
Republic of Korea,0.99
Republic of Korea,0.99
Republic of Korea,0.99
Republic of Korea,0.99
Republic of Korea,0.57
Republic of Korea,0.64
Republic of Korea,0.74
Republic of Korea,0.78
Republic of Korea,0.79
Republic of Korea,0.8
Republic of Moldova,0.99
Republic of Moldova,0.99
Republic of Moldova,1
Republic of Moldova,0.99
Republic of Moldova,1
Republic of Moldova,1
Republic of Moldova,0.97
Republic of Moldova,1.04
Republic of Moldova,1.04
Republic of Moldova,1.02
Republic of Moldova,1.01
Republic of Moldova,0.99
Republic of Moldova,0.99
Republic of Moldova,0.99
Republic of Moldova,1.13
Republic of Moldova,1.31
Republic of Moldova,1.25
Republic of Moldova,1.25
Republic of Moldova,1.23
Republic of Moldova,1.25
Republic of Moldova,1.26
Réunion,1.03
Romania,1
Romania,0.99
Romania,0.98
Romania,0.99
Romania,0.99
Romania,0.99
Romania,1.03
Romania,1.02
Romania,0.99
Romania,1
Romania,1
Romania,1
Romania,0.94
Romania,1.21
Romania,1.27
Romania,1.2
Romania,1.21
Romania,1.22
Russian Federation,0.99
Russian Federation,1
Russian Federation,1.01
Russian Federation,1
Russian Federation,0.99
Russian Federation,0.99
Russian Federation,0.98
Russian Federation,0.98
Russian Federation,0.97
Russian Federation,1.27
Russian Federation,1.17
Russian Federation,1.16
Russian Federation,1.15
Rwanda,1.01
Rwanda,1.03
Rwanda,1.01
Rwanda,0.99
Rwanda,0.99
Rwanda,0.98
Rwanda,0.89
Rwanda,1
Rwanda,1.09
Rwanda,1.12
Rwanda,1.12
Rwanda,1.13
Rwanda,0.78
Rwanda,0.79
Rwanda,0.9
Rwanda,0.81
Rwanda,0.84
Saint Helena,0.99
Saint Kitts and Nevis,1.03
Saint Kitts and Nevis,0.99
Saint Kitts and Nevis,0.95
Saint Kitts and Nevis,0.99
Saint Kitts and Nevis,1.11
Saint Kitts and Nevis,0.98
Saint Kitts and Nevis,0.99
Saint Kitts and Nevis,1.5
Saint Lucia,0.96
Saint Lucia,0.97
Saint Lucia,0.99
Saint Lucia,1.01
Saint Lucia,1.02
Saint Lucia,1.18
Saint Lucia,0.99
Saint Lucia,0.99
Saint Lucia,1.01
Saint Lucia,1
Saint Lucia,0.97
Saint Lucia,1.63
Saint Lucia,1.61
Saint Lucia,1.47
Saint Lucia,1.5
Saint Lucia,1.49
Saint Lucia,1.53
Saint Pierre and Miquelon,1.16
Saint Vincent & Grenadines,0.9
Saint Vincent & Grenadines,0.95
Saint Vincent & Grenadines,0.99
Saint Vincent & Grenadines,0.98
Saint Vincent & Grenadines,0.99
Saint Vincent & Grenadines,1.25
Saint Vincent & Grenadines,1.05
Saint Vincent & Grenadines,1.01
Saint Vincent & Grenadines,1
Saint Vincent & Grenadines,1.03
Saint Vincent & Grenadines,1.4
Samoa,1.03
Samoa,1.01
Samoa,0.99
Samoa,1
Samoa,1
Samoa,1
Samoa,1.01
Samoa,1.12
Samoa,1.13
Samoa,1.14
Samoa,1.11
Samoa,1.52
Samoa,1.53
Samoa,1.46
San Marino,1.13
San Marino,1.16
San Marino,1.11
San Marino,1.03
San Marino,0.89
San Marino,0.95
San Marino,1.33
San Marino,0.74
San Marino,0.77
Sao Tome and Principe,0.96
Sao Tome and Principe,0.99
Sao Tome and Principe,0.96
Sao Tome and Principe,0.97
Sao Tome and Principe,1.06
Sao Tome and Principe,1.02
Sao Tome and Principe,1.11
Sao Tome and Principe,1.16
Sao Tome and Principe,0.97
Sao Tome and Principe,1.04
Saudi Arabia,0.98
Saudi Arabia,0.99
Saudi Arabia,1.03
Saudi Arabia,1.01
Saudi Arabia,1.01
Saudi Arabia,1.02
Saudi Arabia,0.94
Saudi Arabia,0.98
Saudi Arabia,0.9
Saudi Arabia,0.94
Saudi Arabia,0.91
Saudi Arabia,0.91
Saudi Arabia,1.33
Saudi Arabia,1.13
Saudi Arabia,1.01
Saudi Arabia,0.99
Saudi Arabia,1.05
Saudi Arabia,1.07
Senegal,0.77
Senegal,0.96
Senegal,1.06
Senegal,1.12
Senegal,1.14
Senegal,0.75
Senegal,0.87
Senegal,1.13
Senegal,0.58
Senegal,0.59
Senegal,0.6
Senegal,0.68
Senegal,0.75
Serbia,1.01
Serbia,1
Serbia,1
Serbia,1
Serbia,1
Serbia,1
Serbia,1.03
Serbia,1.02
Serbia,1.01
Serbia,1.01
Serbia,1.01
Serbia,1.01
Serbia,1.23
Serbia,1.23
Serbia,1.25
Serbia,1.26
Serbia,1.28
Serbia,1.28
Seychelles,1.02
Seychelles,0.98
Seychelles,1.03
Seychelles,1.03
Seychelles,1.05
Seychelles,1.06
Seychelles,1.05
Seychelles,1
Seychelles,1.07
Seychelles,1.06
Seychelles,1.07
Seychelles,1.12
Seychelles,1.07
Seychelles,1.06
Seychelles,1.54
Seychelles,1.57
Seychelles,1.52
Seychelles,1.55
Sierra Leone,1.01
Sierra Leone,1.02
Sierra Leone,1.03
Sierra Leone,1.03
Sierra Leone,0.88
Sierra Leone,0.97
Singapore,1
Singapore,1
Singapore,0.99
Singapore,0.99
Singapore,1.13
Singapore,1.13
Sint Maarten (Dutch part),1.7
Slovakia,1
Slovakia,0.99
Slovakia,0.99
Slovakia,0.99
Slovakia,0.99
Slovakia,1
Slovakia,1.05
Slovakia,1.01
Slovakia,1.01
Slovakia,1.01
Slovakia,1.01
Slovakia,1.01
Slovakia,1
Slovakia,1.22
Slovakia,1.35
Slovakia,1.35
Slovakia,1.34
Slovakia,1.34
Slovenia,1
Slovenia,0.99
Slovenia,1
Slovenia,1.01
Slovenia,1
Slovenia,1
Slovenia,1.04
Slovenia,1
Slovenia,0.99
Slovenia,1.01
Slovenia,1.02
Slovenia,1.02
Slovenia,1.27
Slovenia,1.3
Slovenia,1.33
Slovenia,1.32
Slovenia,1.3
Slovenia,1.31
Solomon Islands,0.95
Solomon Islands,0.98
Solomon Islands,0.99
Solomon Islands,0.99
Solomon Islands,1
Solomon Islands,0.99
Solomon Islands,0.83
Solomon Islands,0.86
South Africa,0.99
South Africa,0.97
South Africa,0.96
South Africa,0.93
South Africa,0.97
South Africa,0.96
South Africa,1.07
South Africa,1.06
South Africa,0.99
South Africa,1.09
South Africa,1.07
South Africa,1.3
South Africa,1.32
South Sudan,0.71
South Sudan,0.54
Spain,0.98
Spain,0.99
Spain,0.99
Spain,1.02
Spain,1.02
Spain,1.01
Spain,1.09
Spain,1.07
Spain,1.03
Spain,0.99
Spain,1.01
Spain,1.02
Spain,1.14
Spain,1.19
Spain,1.19
Spain,1.16
Spain,1.16
Spain,1.17
Sri Lanka,0.97
Sri Lanka,0.99
Sri Lanka,0.98
Sri Lanka,0.98
Sri Lanka,0.99
Sri Lanka,0.99
Sri Lanka,1.08
Sri Lanka,1.01
Sri Lanka,1.05
Sri Lanka,1.05
Sri Lanka,1.44
Sri Lanka,1.35
Sri Lanka,1.34
Sri Lanka,1.33
Sri Lanka,1.38
State of Palestine,0.99
State of Palestine,0.99
State of Palestine,0.98
State of Palestine,1
State of Palestine,1
State of Palestine,1
State of Palestine,1
State of Palestine,0.97
State of Palestine,1.05
State of Palestine,1.08
State of Palestine,1.1
State of Palestine,1.1
State of Palestine,1.1
State of Palestine,1.1
State of Palestine,1.02
State of Palestine,1.25
State of Palestine,1.37
State of Palestine,1.38
State of Palestine,1.36
State of Palestine,1.39
Sudan,0.88
Sudan,0.9
Sudan,0.91
Sudan,0.94
Sudan,0.93
Sudan,0.93
Sudan,0.87
Sudan,0.98
Sudan,1.01
Sudan,1.02
Sudan,1.11
Sudan,1.15
Sudan,1.02
Suriname,0.98
Suriname,1
Suriname,1.01
Suriname,1
Suriname,1
Suriname,1
Suriname,1.34
Suriname,1.29
Suriname,1.32
Sweden,1.01
Sweden,1
Sweden,0.99
Sweden,1.04
Sweden,1.01
Sweden,1.02
Sweden,1.15
Sweden,1
Sweden,0.99
Sweden,1.14
Sweden,1.07
Sweden,1.07
Sweden,1.21
Sweden,1.35
Sweden,1.35
Sweden,1.34
Sweden,1.36
Sweden,1.37
Switzerland,1
Switzerland,1
Switzerland,1
Switzerland,1
Switzerland,0.99
Switzerland,0.99
Switzerland,0.94
Switzerland,0.94
Switzerland,0.97
Switzerland,0.97
Switzerland,0.96
Switzerland,0.95
Switzerland,0.6
Switzerland,0.87
Switzerland,0.99
Switzerland,1.03
Switzerland,1.03
Switzerland,1.03
Syrian Arab Republic,0.91
Syrian Arab Republic,0.97
Syrian Arab Republic,0.97
Syrian Arab Republic,0.83
Syrian Arab Republic,0.96
Syrian Arab Republic,1
Syrian Arab Republic,0.72
Syrian Arab Republic,0.9
Syrian Arab Republic,0.86
Syrian Arab Republic,1.09
Syrian Arab Republic,1.11
Tajikistan,0.97
Tajikistan,0.97
Tajikistan,0.98
Tajikistan,0.99
Tajikistan,0.99
Tajikistan,0.84
Tajikistan,0.87
Tajikistan,0.47
Tajikistan,0.53
Tajikistan,0.67
Tajikistan,0.76
Thailand,0.97
Thailand,0.99
Thailand,0.94
Thailand,1
Thailand,1
Thailand,1
Thailand,1.05
Thailand,1.07
Thailand,0.96
Thailand,0.96
Thailand,0.98
Thailand,0.97
Thailand,1.11
Thailand,1.22
Timor-Leste,0.91
Timor-Leste,0.95
Timor-Leste,0.98
Timor-Leste,0.96
Timor-Leste,0.96
Timor-Leste,0.98
Timor-Leste,0.97
Timor-Leste,0.99
Timor-Leste,1.06
Timor-Leste,1.07
Timor-Leste,1.08
Timor-Leste,1.1
Timor-Leste,0.72
Togo,0.68
Togo,0.85
Togo,0.9
Togo,0.95
Togo,0.95
Togo,0.96
Togo,0.97
Togo,0.35
Togo,0.53
Togo,0.73
Togo,0.15
Togo,0.43
Togo,0.45
Togo,0.51
Togo,0.53
Tokelau,1.03
Tokelau,0.99
Tonga,0.99
Tonga,0.97
Tonga,0.98
Tonga,0.99
Tonga,1.07
Tonga,1.03
Trinidad and Tobago,1
Trinidad and Tobago,0.97
Trinidad and Tobago,0.97
Tunisia,0.93
Tunisia,0.99
Tunisia,1
Tunisia,1
Tunisia,1
Tunisia,0.99
Tunisia,0.91
Tunisia,1.1
Tunisia,1.1
Tunisia,0.78
Tunisia,1.19
Tunisia,1.36
Tunisia,1.4
Tunisia,1.45
Tunisia,1.45
Tunisia,1.46
Turkey,0.92
Turkey,0.95
Turkey,0.99
Turkey,0.99
Turkey,0.99
Turkey,0.99
Turkey,0.65
Turkey,0.83
Turkey,0.92
Turkey,0.97
Turkey,0.95
Turkey,0.98
Turkey,0.62
Turkey,0.9
Turkmenistan,0.98
Turkmenistan,0.98
Turkmenistan,0.82
Turks and Caicos Islands,1.08
Turks and Caicos Islands,1
Turks and Caicos Islands,0.94
Turks and Caicos Islands,1.11
Turks and Caicos Islands,1.03
Turks and Caicos Islands,1.34
Tuvalu,0.97
Tuvalu,0.96
Tuvalu,0.92
Tuvalu,0.92
Tuvalu,1.21
Tuvalu,1.14
Tuvalu,1.33
Uganda,0.84
Uganda,0.99
Uganda,1.01
Uganda,1.02
Uganda,1.03
Uganda,0.48
Uganda,0.75
Ukraine,1
Ukraine,1.01
Ukraine,0.93
Ukraine,0.98
Ukraine,1.19
Ukraine,1.2
United Arab Emirates,0.98
United Arab Emirates,1
United Arab Emirates,0.98
United Arab Emirates,1
United Arab Emirates,1.05
United Arab Emirates,0.92
United Arab Emirates,0.99
United Arab Emirates,0.95
United Kingdom,1
United Kingdom,0.99
United Kingdom,1
United Kingdom,1
United Kingdom,1
United Kingdom,0.99
United Kingdom,1.03
United Kingdom,1
United Kingdom,1.03
United Kingdom,1.03
United Kingdom,1.03
United Kingdom,1.06
United Kingdom,1.28
United Kingdom,1.25
United Kingdom,1.25
United Kingdom,1.27
United Kingdom,1.27
United Rep. of Tanzania,0.99
United Rep. of Tanzania,0.97
United Rep. of Tanzania,1.02
United Rep. of Tanzania,1.05
United Rep. of Tanzania,1.03
United Rep. of Tanzania,1.03
United Rep. of Tanzania,1.02
United Rep. of Tanzania,0.81
United Rep. of Tanzania,0.82
United Rep. of Tanzania,0.99
United Rep. of Tanzania,1.02
United Rep. of Tanzania,1.05
United Rep. of Tanzania,1.08
United Rep. of Tanzania,0.2
United Rep. of Tanzania,0.49
United Rep. of Tanzania,0.82
United Rep. of Tanzania,0.54
United Rep. of Tanzania,0.66
United States of America,0.99
United States of America,0.99
United States of America,0.99
United States of America,1
United States of America,0.99
United States of America,1
United States of America,1.01
United States of America,1.02
United States of America,1.01
United States of America,1.01
United States of America,0.99
United States of America,0.99
United States of America,1.23
United States of America,1.3
United States of America,1.28
United States of America,1.26
United States of America,1.26
United States of America,1.27
United States Virgin Islands,0.95
Uruguay,0.99
Uruguay,0.97
Uruguay,0.97
Uruguay,0.98
Uruguay,0.98
Uruguay,0.99
Uruguay,1.2
Uruguay,1.15
Uruguay,1.17
Uruguay,1.11
Uruguay,1.11
Uruguay,1.43
Uzbekistan,0.96
Uzbekistan,1
Uzbekistan,0.98
Uzbekistan,0.99
Uzbekistan,0.99
Uzbekistan,0.99
Uzbekistan,0.99
Uzbekistan,0.97
Uzbekistan,1
Uzbekistan,0.99
Uzbekistan,0.99
Uzbekistan,0.99
Uzbekistan,0.99
Uzbekistan,0.69
Uzbekistan,0.68
Uzbekistan,0.63
Uzbekistan,0.61
Uzbekistan,0.7
Uzbekistan,0.83
Vanuatu,0.97
Vanuatu,0.99
Vanuatu,0.97
Vanuatu,1
Vanuatu,1.03
Venezuela (Boliv. Rep. of),0.98
Venezuela (Boliv. Rep. of),0.97
Venezuela (Boliv. Rep. of),0.98
Venezuela (Boliv. Rep. of),0.98
Venezuela (Boliv. Rep. of),1.13
Venezuela (Boliv. Rep. of),1.1
Venezuela (Boliv. Rep. of),1.08
Venezuela (Boliv. Rep. of),1.08
Viet Nam,1
Viet Nam,0.95
Viet Nam,0.95
Viet Nam,1
Viet Nam,1.02
Viet Nam,1.02
Viet Nam,1.02
Viet Nam,0.72
Viet Nam,1.02
Viet Nam,1.01
Yemen,0.74
Yemen,0.82
Yemen,0.49
Yemen,0.62
Yemen,0.36
Yemen,0.44
Zambia,0.93
Zambia,0.94
Zambia,1.01
Zambia,1
Zambia,1.02
Zimbabwe,0.98
Zimbabwe,0.84
Zimbabwe,0.73
Zimbabwe,0.84
